{
  "success":true,
  "terms":"https:\/\/currencylayer.com\/terms",
  "privacy":"https:\/\/currencylayer.com\/privacy",
  "timestamp":1772091424,
  "source":"USD",
  "quotes":{
    "USDAED":3.672498,
    "USDAFN":63.000153,
    "USDALL":81.531366,
    "USDAMD":374.809235,
    "USDANG":1.789731,
    "USDAOA":916.999742,
    "USDARS":1397.6301,
    "USDAUD":1.403706,
    "USDAWG":1.8,
    "USDAZN":1.69884,
    "USDBAM":1.653625,
    "USDBBD":2.005183,
    "USDBDT":121.658698,
    "USDBGN":1.647646,
    "USDBHD":0.377015,
    "USDBIF":2953.058153,
    "USDBMD":1,
    "USDBND":1.260209,
    "USDBOB":6.878971,
    "USDBRL":5.127003,
    "USDBSD":0.995574,
    "USDBTC":1.4684654e-5,
    "USDBTN":90.455597,
    "USDBWP":13.102681,
    "USDBYN":2.854655,
    "USDBYR":19600,
    "USDBZD":2.002224,
    "USDCAD":1.366945,
    "USDCDF":2135.000151,
    "USDCHF":0.772197,
    "USDCLF":0.021683,
    "USDCLP":856.179715,
    "USDCNY":6.84425,
    "USDCNH":6.838045,
    "USDCOP":3701.56,
    "USDCRC":472.126047,
    "USDCUC":1,
    "USDCUP":26.5,
    "USDCVE":93.22883,
    "USDCZK":20.517402,
    "USDDJF":177.284007,
    "USDDKK":6.32495,
    "USDDOP":60.503832,
    "USDDZD":129.917851,
    "USDEGP":47.929455,
    "USDERN":15,
    "USDETB":154.305402,
    "USDEUR":0.8465,
    "USDFJD":2.191601,
    "USDFKP":0.73909,
    "USDGBP":0.73809,
    "USDGEL":2.670044,
    "USDGGP":0.73909,
    "USDGHS":10.61269,
    "USDGIP":0.73909,
    "USDGMD":72.999901,
    "USDGNF":8731.420261,
    "USDGTQ":7.637383,
    "USDGYD":208.288416,
    "USDHKD":7.822505,
    "USDHNL":26.339797,
    "USDHRK":6.378102,
    "USDHTG":130.654244,
    "USDHUF":317.697502,
    "USDIDR":16763,
    "USDILS":3.09458,
    "USDIMP":0.73909,
    "USDINR":90.850502,
    "USDIQD":1304.180565,
    "USDIRR":1310669.999828,
    "USDISK":121.293911,
    "USDJEP":0.73909,
    "USDJMD":155.216511,
    "USDJOD":0.708988,
    "USDJPY":156.129501,
    "USDKES":128.949769,
    "USDKGS":87.449556,
    "USDKHR":3993.269865,
    "USDKMF":417.000149,
    "USDKPW":899.976745,
    "USDKRW":1427.885009,
    "USDKWD":0.30661,
    "USDKYD":0.829603,
    "USDKZT":499.714644,
    "USDLAK":21321.766922,
    "USDLBP":89141.320161,
    "USDLKR":307.972623,
    "USDLRD":182.686739,
    "USDLSL":15.826453,
    "USDLTL":2.95274,
    "USDLVL":0.60489,
    "USDLYD":6.299805,
    "USDMAD":9.138395,
    "USDMDL":17.053693,
    "USDMGA":4185.214778,
    "USDMKD":52.18028,
    "USDMMK":2099.743814,
    "USDMNT":3569.708423,
    "USDMOP":8.019802,
    "USDMRU":39.693592,
    "USDMUR":46.330189,
    "USDMVR":15.46009,
    "USDMWK":1726.337683,
    "USDMXN":17.179698,
    "USDMYR":3.887051,
    "USDMZN":63.904975,
    "USDNAD":15.826453,
    "USDNGN":1347.98968,
    "USDNIO":36.635271,
    "USDNOK":9.55441,
    "USDNPR":144.728954,
    "USDNZD":1.667625,
    "USDOMR":0.384491,
    "USDPAB":0.995574,
    "USDPEN":3.343437,
    "USDPGK":4.281583,
    "USDPHP":57.632986,
    "USDPKR":278.306721,
    "USDPLN":3.57095,
    "USDPYG":6412.256338,
    "USDQAR":3.6293,
    "USDRON":4.312203,
    "USDRSD":99.388996,
    "USDRUB":77.127656,
    "USDRWF":1454.510097,
    "USDSAR":3.750989,
    "USDSBD":8.048447,
    "USDSCR":13.666163,
    "USDSDG":601.498216,
    "USDSEK":9.026496,
    "USDSGD":1.262885,
    "USDSHP":0.750259,
    "USDSLE":24.450093,
    "USDSLL":20969.49935,
    "USDSOS":567.920963,
    "USDSRD":37.811999,
    "USDSTD":20697.981008,
    "USDSTN":20.714612,
    "USDSVC":8.711165,
    "USDSYP":111.011509,
    "USDSZL":15.828567,
    "USDTHB":31.047003,
    "USDTJS":9.442859,
    "USDTMT":3.5,
    "USDTND":2.890081,
    "USDTOP":2.40776,
    "USDTRY":43.883399,
    "USDTTD":6.758065,
    "USDTWD":31.254497,
    "USDTZS":2561.162003,
    "USDUAH":43.084038,
    "USDUGX":3584.065746,
    "USDUYU":38.199597,
    "USDUZS":12133.740863,
    "USDVES":410.571865,
    "USDVND":26095,
    "USDVUV":118.362569,
    "USDWST":2.71515,
    "USDXAF":554.610289,
    "USDXAG":0.011313,
    "USDXAU":0.000193,
    "USDXCD":2.70255,
    "USDXCG":1.794231,
    "USDXDR":0.689757,
    "USDXOF":554.610289,
    "USDXPF":100.834084,
    "USDYER":238.450544,
    "USDZAR":15.875797,
    "USDZMK":9001.199126,
    "USDZMW":18.765827,
    "USDZWL":321.999592
  }
}